"Url","Status","Title","TitleLen","Description","DescLen","H1","H1Len","Bytes"
"https://www.drygelworld.com","200","Buy Silica Gel in Bulk | Manufacturer and Exporter | DryGelWorld","64","Buy silica gel desiccant in bulk direct from the manufacturer. Since 1983, DryGelWorld has supplied wholesale packets, beads, and container strips with low MOQ, SDS/COA, and worldwide shipping.","193","Industrial silica gel for cargo that has to arrive dry.","55","233429"
"https://www.drygelworld.com/about","200","About Dry Gel World | Silica Gel Manufacturer Since 1983","56","DryGelWorld is a Karachi silica gel manufacturer since 1983, supplying export buyers with industrial desiccants, SDS, COA, and ISO support.","139","Built for global buyers who cannot risk moisture damage.","56","166313"
"https://www.drygelworld.com/pricing","200","Silica Gel Price List | Indicative Export Prices in USD","55","Indicative silica gel prices: sachets from $0.0032/pc, container strips around $3.80 to $5.50 per kg, bulk quoted by tonnage. MOQ tiers, EXW/FOB/CIF terms, USD ranges per 1,000 pcs.","181","Silica gel prices, published in the open.","41","161196"
"https://www.drygelworld.com/products","200","Silica Gel Products | Sachets, Bulk Beads & Strips","50","Browse silica gel sachets, bulk beads, container desiccant strips, dry clay desiccant, and PPE for B2B export buyers. SDS and COA support.","138","Choose the right moisture control format for your workflow.","59","181889"
"https://www.drygelworld.com/contact","200","Request Silica Gel Quote | DryGelWorld RFQ","42","Send an export RFQ for silica gel packets, bulk beads, container desiccants, private-label sachets, SDS, COA, MOQ, and Incoterms.","129","Quote requests, answered in 24 hours.","37","142167"
"https://www.drygelworld.com/faq","200","Silica Gel FAQ | Desiccant Buying & Technical Questions","55","Answers to common silica gel desiccant questions about indicating vs non-indicating gel, reactivation, documents, MOQ, private label, and bulk export supply.","157","Answers to every procurement question.","38","142560"
"https://www.drygelworld.com/blog","200","Silica Gel Buyer Guides | DryGelWorld","37","Buyer guides for silica gel procurement, sachet sizing, container desiccants, indicating gel, SDS, COA, private label, pharma, and food packaging.","146","Practical silica gel & desiccant guides for global buyers.","58","272584"
"https://www.drygelworld.com/case-studies","200","Anonymous Silica Gel Case Studies | Buyer Proof","47","Buyer-safe silica gel desiccant case studies for leather export, electronics packaging, and container shipment planning.","120","Anonymous case studies for real procurement confidence.","55","174129"
"https://www.drygelworld.com/documents","200","Silica Gel Documents | SDS, COA, ISO & Export Compliance","56","Request silica gel SDS, COA, ISO 9001, DMF-free statement, product specification sheets, private-label artwork checks, and export documentation support.","152","Give buyers the proof they need before they ask twice.","54","163855"
"https://www.drygelworld.com/documentation","200","Documentation Center | ISO 9001, SDS, COA & Spec Sheets | DryGelWorld","69","Open and download DryGelWorld's ISO 9001:2015 certificate, silica gel SDS, COA, technical data sheets, and product specifications in one place.","143","Verifiable proof, ready to open.","32","167810"
"https://www.drygelworld.com/certifications","200","Certifications & Compliance | DryGelWorld","41","DryGelWorld certification and document scope: ISO 9001:2015, DMF-free product statement, SDS, COA, and compliance items confirmed before ordering.","146","What DryGelWorld holds and what needs buyer confirmation.","57","175817"
"https://www.drygelworld.com/dispensers","200","Desiccant Dispensers | Silica Gel Packet Automation","51","Explore desiccant dispensing equipment for packaging lines, including silica gel packet insertion support for pharma, food, and industrial production workflows.","160","High-Speed Desiccant Dispensers for Enterprise Packaging Lines.","63","142662"
"https://www.drygelworld.com/bulk-sales","200","Bulk & Wholesale Silica Gel Desiccant Supplier USA","50","Wholesale and bulk silica gel desiccant supply for distributors and exporters. Plan volume, format & weight, then request an export quote. SDS/COA ready.","153","Export quote planning and procurement context in one place.","59","145432"
"https://www.drygelworld.com/private-label","200","Private Label Desiccant Packets | OEM Silica Gel Sachets","56","Private-label silica gel sachets, printed desiccant packets, export cartons, and distributor-ready bulk packaging for B2B moisture control buyers.","146","OEM silica gel packets for brands, distributors, and packagers.","63","132769"
"https://www.drygelworld.com/videos","200","Silica Gel Videos | DryGelWorld Desiccant Manufacturer","54","Watch DryGelWorld silica gel videos showing packets, beads, container desiccants, and export supply from Karachi, Pakistan.","123","See DryGelWorld in action.","26","146329"
"https://www.drygelworld.com/export","200","Silica Gel Exporter | Global Desiccant Supply","45","Silica gel exporter from Karachi for global B2B buyers. FOB, CIF, EXW, and DAP quote support for sachets, bulk beads, and container strips.","139","Silica gel export supply built for serious procurement teams.","61","159511"
"https://www.drygelworld.com/drygelworld","200","DryGelWorld Official Website | Silica Gel Desiccant Supplier","60","com brand page for industrial silica gel packets, bulk desiccants, cargo strips, private-label sachets, export RFQs, SDS, COA, and worldwide buyer support.","155","DryGelWorld is the official silica gel desiccant export brand for global B2B buyers.","84","159675"
"https://www.drygelworld.com/compare","200","Desiccant Comparison Hub | Dry Gel World","40","Compare silica gel formats, indicating vs non-indicating gel, container desiccants, bulk gel, clay desiccant, molecular sieve, and oxygen absorbers for B2B buying decisions.","173","Desiccant buyer comparisons - pick the right product per cargo type.","68","163962"
"https://www.drygelworld.com/guides/silica-gel-buyer-guide","200","Industrial Silica Gel Buyer Guide","33","Industrial silica gel buyer guide covering selection, sizing, container desiccants, route humidity, export packaging, and document checks.","138","The Industrial Silica Gel Buyer Guide","37","190772"
"https://www.drygelworld.com/guides/desiccant-glossary","200","Desiccant Glossary: Silica Gel & Moisture Control Terms","55","Definitions of 45 silica gel and desiccant terms buyers meet in specs and compliance documents ? adsorption, DIN 55473, REACH, HS code 2811.22, and more.","153","Desiccant & Silica Gel Glossary","31","303865"
"https://www.drygelworld.com/media-kit","200","Press & Media Kit | Dry Gel World","33","DryGelWorld press kit with boilerplate, brand assets, fact sheet, certifications, company profile, and press contact for silica gel coverage.","141","Editorial resources for Dry Gel World","37","158413"
"https://www.drygelworld.com/industries","200","Industries We Serve - Silica Gel & Desiccant Applications","57","Industry-specific silica gel and desiccant moisture protection for container shipping, electronics, pharma, leather and footwear, textiles, and food packaging exporters worldwide.","179","Silica gel and desiccant moisture protection, by industry.","58","157091"
"https://www.drygelworld.com/tools/container-desiccant-calculator","200","Container Desiccant Calculator | kg per 20ft & 40ft","51","Free container desiccant calculator. Get the desiccant kg a 20ft or 40ft container needs from cargo type, packaging, transit days, and route humidity - with the full moisture-load formula shown, plus a printable dosage plan.","224","Container desiccant calculator.","31","170996"
"https://www.drygelworld.com/tools/moisture-load-calculator","200","Moisture Load Calculator | Silica Gel Grams by Carton Size","58","Free moisture load calculator. Enter carton length, width, and height in cm or inches to get the silica gel grams your packaging needs, based on the 56 g per cubic foot planning standard.","187","Moisture load calculator.","25","148380"
"https://www.drygelworld.com/products/retail-sachets","200","Silica Gel Sachets | Retail & Unit-Pack Desiccant","49","Engineered for sub-package moisture control in electronics, precision engineering, and elite consumer goods. Tiered industrial reference rates available.","153","Precision Grade Silica Gel","26","199662"
"https://www.drygelworld.com/products/paper-sachets","200","Paper Silica Gel Sachets | Breathable B2B Packs","47","High-efficiency adsorption packs for general industrial cartons and volume inventory management. Tiered wholesale procurement rates.","132","Technical Bond Moisture Control","31","199087"
"https://www.drygelworld.com/products/bulk-industrial","200","Bulk Silica Gel Beads | Drums, Sacks & Jumbo Bags","49","High-capacity desiccant formats for warehouse stabilization, industrial lines, and regional distribution hub supply.","116","Enterprise Bulk Logistics Supply","32","199305"
"https://www.drygelworld.com/products/container-strips","200","Container Cargo Strips | 1-5 kg Hanging Desiccant","49","High-adsorption maritime strips for international container loads, long-haul shipping, and extreme humidity transit.","116","Maritime Export Cargo Protection","32","199673"
"https://www.drygelworld.com/products/powder-free-blue-nitrile-gloves","200","Powder-Free Blue & Black Nitrile Examination Gloves | DryGelWorld","65","Powder-free nitrile examination gloves in blue and black for medical, laboratory, food-handling, and industrial hand protection.","128","Powder-Free Nitrile Examination Gloves","38","205711"
"https://www.drygelworld.com/products/powdered-nitrile-examination-gloves","200","Powdered Blue & Black Nitrile Examination Gloves | DryGelWorld","62","Powdered nitrile examination gloves in blue and black for medical, laboratory, food-handling, and industrial hand protection.","125","Powdered Nitrile Examination Gloves","35","205799"
"https://www.drygelworld.com/products/hair-nets","200","Bouffant Hair Nets | Food & Factory PPE Supplier","48","Disposable bouffant hair nets in green and white for food processing, manufacturing, healthcare, and industrial PPE programs.","125","Bouffant Hair Nets for Safety and PPE","37","193604"
"https://www.drygelworld.com/products/beard-covers","200","Disposable Beard Covers | Food-Industry PPE","43","Disposable beard covers (beard nets) for food handling, manufacturing, healthcare, and other safety-critical workspaces where facial-hair containment is?","153","Disposable Beard Covers for Safety and PPE","42","192946"
"https://www.drygelworld.com/products/dry-clay-desiccant","200","Dry Clay Desiccant | Industrial Clay Moisture Absorber","54","Activated clay desiccant packs for industrial packaging, durable-goods storage, and cost-sensitive moisture control programs.","125","Industrial Dry Clay Desiccant","29","198920"
"https://www.drygelworld.com/silica-gel","200","Silica Gel | Types, Uses & Industrial Desiccant Supply","54","Silica gel explained: what it is, how it works, white vs indicating (orange/blue) types, uses, and how to buy industrial silica gel in packets, beads, and?","155","Silica gel: what it is, how it works, and how to buy it for industry and export.","80","190863"
"https://www.drygelworld.com/buy-silica-gel","200","Buy Silica Gel in Bulk | Manufacturer-Direct Supply","51","Buy silica gel in bulk direct from the manufacturer. Wholesale desiccant packets, beads, and container strips with low MOQ, SDS/COA, and worldwide shipping.","156","Buy silica gel in bulk - direct from the manufacturer, shipped worldwide.","73","192876"
"https://www.drygelworld.com/silica-gel-manufacturer","200","Silica Gel Manufacturer & Exporter | Factory-Direct","51","Factory-direct silica gel manufacturer and exporter since 1983 ? packets, beads, and bulk desiccant with ISO 9001:2015 QC, SDS/COA, and FOB/CIF worldwide.","154","Silica gel manufacturer and exporter ? factory-direct desiccant supply since 1983.","82","163877"
"https://www.drygelworld.com/silica-gel-supplier","200","Silica Gel Supplier | Wholesale & B2B Desiccant Supply","54","Silica gel supplier with packets, bulk beads, and cargo strips in reliable B2B supply. Flexible MOQ, fast RFQ turnaround, SDS/COA, worldwide delivery.","150","Silica gel supplier with packet, bulk, and cargo formats in reliable B2B supply.","80","157707"
"https://www.drygelworld.com/desiccant-manufacturer","200","Desiccant Manufacturer | Silica Gel Moisture Control?","53","Desiccant manufacturer page for silica gel packets, bulk desiccants, packaging desiccants, cargo desiccants, OEM sachets, SDS, COA, and export RFQs.","148","Desiccant manufacturer for industrial moisture control buyers.","62","157781"
"https://www.drygelworld.com/industrial-desiccant-supplier","200","Industrial Desiccant & Industrial Silica Gel Supplier","53","Industrial desiccant supplier for industrial silica gel, desiccant bags, packaging moisture control, warehouse stock, container desiccants, SDS, COA, and?","154","Industrial desiccant supplier for factories, warehouses, packagers, and exporters.","82","157793"
"https://www.drygelworld.com/industrial-desiccant","200","Industrial Desiccant | Silica Gel for Moisture Control","54","Industrial desiccant page for silica gel moisture control in packaging, warehousing, export cartons, bulk supply, cargo containers, SDS, COA, and RFQs.","151","Industrial desiccant options for packaging, storage, and export moisture control.","81","157312"
"https://www.drygelworld.com/packaging-desiccant-manufacturer","200","Packaging Desiccant Manufacturer | Silica Gel Packets","53","Packaging desiccant manufacturer for silica gel packets, desiccant bags, food packaging, pharma packs, electronics packaging, private label, SDS, COA, and?","155","Packaging desiccant manufacturer for cartons, product packs, and OEM insertion programs.","88","158073"
"https://www.drygelworld.com/silica-gel-packets-manufacturer","200","Silica Gel Packets Manufacturer | Desiccant Sachets","51","Silica gel packets manufacturer for desiccant sachets, wholesale packets, private-label warning text, electronics, pharma, food packaging, SDS, COA, and?","153","Silica gel packets manufacturer for product packaging and wholesale desiccant supply.","85","157713"
"https://www.drygelworld.com/silica-gel-packets-wholesale","200","Silica Gel Packets Wholesale | Bulk Desiccant Sachets","53","Wholesale silica gel packets and bulk desiccant sachets for distributors, packaging buyers, importers, private-label programs, SDS, COA, and export RFQs.","153","Wholesale silica gel packets for distributors, packagers, and repeat bulk buyers.","81","157656"
"https://www.drygelworld.com/container-desiccant-supplier","200","Container Desiccant Suppliers | Cargo RFQ & Quote","49","Container desiccant supplier for cargo desiccants, shipping container moisture control, container rain prevention, 20ft/40ft route planning, SDS, COA, and?","155","Container desiccant suppliers for export cargo: quote-ready strips, SDS, and COA.","81","157775"
"https://www.drygelworld.com/container-desiccant","200","Container Desiccant | Shipping Cargo Moisture Absorber","54","Container desiccant page for shipping cargo moisture control, container rain prevention, sea-freight desiccant strips, 20ft/40ft planning, SDS, COA, and RFQs.","158","Container desiccant planning for sea-freight cargo and export moisture risk.","76","157364"
"https://www.drygelworld.com/silica-gel-manufacturer-china-alternative","200","Silica Gel Manufacturer China Alternative | Export Supplier","59","Silica gel manufacturer China alternative for buyers comparing export suppliers, bulk silica gel, packets, container desiccants, private label, SDS, COA?","153","Silica gel manufacturer China alternative for buyers comparing global supply options.","85","158165"
"https://www.drygelworld.com/desiccant-bags-supplier","200","Desiccant Bags Supplier | Silica Gel Bags & Bulk Packs","54","Desiccant bags supplier for silica gel bags, bulk packs, carton moisture absorbers, warehouse desiccants, container cargo protection, SDS, COA, and export?","155","Desiccant bags supplier for cartons, bulk storage, industrial packaging, and cargo shipments.","93","157267"
"https://www.drygelworld.com/desiccant-bags","200","Desiccant Bags | Silica Gel Moisture Absorber Bags","50","Industrial desiccant bags for cartons, warehouses & export cargo. Silica gel and clay options, bulk MOQ, SDS/COA. B2B supplier since 1983 - get a quote.","152","Desiccant bags for packaging, storage, and industrial moisture control.","71","158143"
"https://www.drygelworld.com/oem-silica-gel-manufacturer","200","OEM Silica Gel Manufacturer | Private Label Desiccant","53","OEM silica gel manufacturer for private-label desiccant packets, printed sachets, carton labels, packaging programs, SDS, COA, MOQ, and export RFQs.","148","OEM silica gel manufacturer for private-label packets and repeat packaging programs.","84","157666"
"https://www.drygelworld.com/private-label-silica-gel-supplier","200","Private Label Silica Gel Supplier","33","Private label silica gel supplier for printed desiccant packets, OEM sachets, carton labels, warning copy, bulk programs, SDS, COA, MOQ, and export RFQs.","153","Private label silica gel supplier for printed packets, carton labels, and OEM buyers.","85","158085"
"https://www.drygelworld.com/white-silica-gel","200","White Silica Gel | Clean Desiccant Packets & Bulk","49","White silica gel packets and bulk beads - clean, odorless, non-toxic moisture control for packaging, storage, and product cartons. SDS, COA, B2B RFQ.","149","White silica gel packets and bulk beads for clean, odorless moisture control.","77","209250"
"https://www.drygelworld.com/indicating-silica-gel","200","Indicating Silica Gel Supplier | Blue & Orange Desiccant","56","Indicating silica gel supplier for blue silica gel, orange silica gel, humidity signal desiccants, bulk beads, packets, SDS, COA, and compliance review.","152","Indicating silica gel supplier for buyers who need a visible humidity signal.","77","208164"
"https://www.drygelworld.com/non-indicating-silica-gel","200","Non-Indicating Silica Gel | No Color-Change Desiccant","53","Non-indicating silica gel for moisture adsorption with no color-change indicator. How it differs from blue and orange indicating gel, with SDS and COA.","151","Non-indicating silica gel: moisture adsorption with no color-change indicator.","78","207753"
"https://www.drygelworld.com/moisture-absorber-manufacturer","200","Moisture Absorber Manufacturer | Silica Gel Desiccants","54","Moisture absorber manufacturer for silica gel packets, desiccant bags, industrial desiccants, packaging moisture control, container desiccants, SDS, COA?","153","Moisture absorber manufacturer for packaging, storage, and export moisture control.","83","157538"
"https://www.drygelworld.com/shipping-container-moisture-control","200","Shipping Container Moisture Control | Desiccant Supplier","56","Shipping container moisture control page for container desiccants, cargo strips, container rain prevention, sea freight humidity, 20ft/40ft planning, SDS?","154","Shipping container moisture control for export cargo, pallets, and long-haul sea freight.","89","158109"
"https://www.drygelworld.com/pharmaceutical-desiccant","200","Pharmaceutical Desiccant | Silica Gel for Pharma Packaging","58","Pharmaceutical desiccant page for silica gel packets, pharma packaging moisture control, bottle and carton desiccants, SDS, COA, documentation review, and?","155","Pharmaceutical desiccant planning for moisture-sensitive healthcare packaging.","78","172882"
"https://www.drygelworld.com/electronic-packaging-desiccant","200","Electronic Packaging Desiccant | Silica Gel for PCBs","52","Electronic packaging desiccant page for silica gel packets, PCB packaging, component moisture control, anti-corrosion storage, SDS, COA, and export RFQs.","153","Electronic packaging desiccant for PCBs, components, accessories, and export cartons.","85","172819"
"https://www.drygelworld.com/hair-net-supplier","200","Hair Net Supplier | Bouffant PPE for Food, Manufacturing &?","59","Hair net supplier for food processing, manufacturing, healthcare, and industrial PPE.","85","Hair net supplier for food, manufacturing, and healthcare PPE programs.","71","158066"
"https://www.drygelworld.com/beard-cover-supplier","200","Beard Cover Supplier | Disposable Beard Nets for Food &?","56","Beard cover supplier (beard nets) for food handling, manufacturing, healthcare, and PPE programs.","97","Beard cover supplier for food handling, manufacturing, and healthcare PPE.","74","157752"
"https://www.drygelworld.com/food-grade-hair-nets","200","Food-Grade Hair Nets | Bouffant PPE for Food Processing &?","58","Hair nets for food processing, food packaging, bakery, and dairy production.","76","Hair nets for food processing, packaging, and production-line PPE.","66","158873"
"https://www.drygelworld.com/hair-net-supplier-uae","200","Hair Net Supplier for UAE","25","Hair net supplier for UAE food processing, manufacturing, and healthcare PPE programs.","86","Hair net supplier for UAE food, manufacturing, and PPE buyers.","62","158155"
"https://www.drygelworld.com/dry-clay-desiccant-supplier-saudi-arabia","200","Dry Clay Desiccant Supplier for Saudi Arabia","44","Dry clay desiccant supplier for Saudi industrial cargo, packaging, and warehouse moisture control.","98","Dry clay desiccant supplier for Saudi industrial and packaging buyers.","70","159283"
"https://www.drygelworld.com/beard-cover-supplier-usa","200","Beard Cover Supplier for USA","28","Beard cover supplier for US food processing, manufacturing, and healthcare PPE programs.","88","Beard cover supplier for US food, manufacturing, and PPE distributors.","70","158675"
"https://www.drygelworld.com/silica-gel-supplier-uk","200","Silica Gel Supplier UK | Karachi-to-Felixstowe Desiccant?","57","Silica gel desiccant supplier for UK importers, electronics distributors, leather and footwear buyers, and pharma procurement.","126","Silica gel desiccant supplier for UK B2B importers and packaging buyers.","72","160087"
"https://www.drygelworld.com/dry-clay-desiccant-supplier-uae","200","Dry Clay Desiccant Supplier UAE","31","Dry clay desiccant supplier for UAE industrial cargo, packaging, warehouse, and freight buyers.","95","Dry clay desiccant supplier for UAE industrial cargo and packaging buyers.","74","159568"
"https://www.drygelworld.com/hair-net-supplier-saudi-arabia","200","Hair Net Supplier Saudi Arabia","30","Hair net supplier for Saudi food processors, manufacturers, and healthcare PPE programs.","88","Hair net supplier for Saudi food, manufacturing, and healthcare PPE buyers.","75","158372"
"https://www.drygelworld.com/18-inch-hair-nets","200","18 Inch Hair Nets | Bouffant PPE Supplier","41","18 inch bouffant hair nets for food processing, manufacturing, and healthcare PPE programs.","91","18 inch bouffant hair nets for snug-fit PPE coverage.","53","157429"
"https://www.drygelworld.com/22-inch-hair-nets","200","22 Inch Hair Nets | Bouffant PPE Supplier","41","22 inch bouffant hair nets for food processing, manufacturing, and healthcare PPE.","82","22 inch bouffant hair nets for full-coverage PPE.","49","157773"
"https://www.drygelworld.com/20-inch-hair-nets","200","20 Inch Hair Nets | Bouffant PPE Supplier","41","20 inch bouffant hair nets for food, manufacturing, and healthcare PPE. Mid-range diameter that covers most production-line use cases.","134","20 inch bouffant hair nets - the most common production size.","61","157710"
"https://www.drygelworld.com/disposable-hair-nets","200","Disposable Hair Nets | Single-Use Bouffant PPE Supplier","55","Disposable hair nets for food processing, manufacturing, healthcare, and cleanroom PPE programs.","96","Disposable hair nets - single-use PPE for production lines.","59","158291"
"https://www.drygelworld.com/bentonite-clay","200","Activated Clay Desiccant Supplier | Industrial Clay Packs","57","Activated clay desiccant supplier for industrial cargo and durable-goods storage. Clay desiccant packs in sachet and bag formats - B2B export supply.","149","Activated clay desiccant supplier for industrial and cargo moisture control.","76","175271"
"https://www.drygelworld.com/disposable-beard-covers","200","Disposable Beard Covers | Single-Use PPE Supplier","49","Disposable beard covers for food handling, manufacturing, healthcare, and cleanroom PPE programs.","97","Disposable beard covers - single-use facial-hair containment.","61","158644"
"https://www.drygelworld.com/beard-cover-supplier-uk","200","Beard Cover Supplier UK | Disposable PPE?","41","Beard cover supplier for UK food processors, manufacturers, and healthcare PPE programs. Karachi-to-Felixstowe / Southampton / London Gateway shipping.","151","Beard cover supplier for UK food, manufacturing, and PPE distributors.","70","159384"
"https://www.drygelworld.com/21-inch-hair-nets","200","21 Inch Hair Nets | Mid-Range Bouffant PPE Supplier","51","21 inch bouffant hair nets for food processing, manufacturing, and healthcare PPE. Mid-range diameter between snug 18"" and full-coverage 22"" sizes.","147","21 inch bouffant hair nets - mid-range size between 20"" and 22"".","64","158476"
"https://www.drygelworld.com/non-woven-hair-nets","200","Non-Woven Hair Nets | Polypropylene PPE Supplier","48","Non-woven polypropylene hair nets for food processing, manufacturing, healthcare, and cleanroom PPE.","100","Non-woven polypropylene hair nets - the industry-standard material.","67","158731"
"https://www.drygelworld.com/hair-net-supplier-usa","200","Hair Net Supplier USA | Bouffant PPE Karachi-to-US-Coast","56","Hair net supplier for US food processors, manufacturers, healthcare procurement, and PPE distributors. Karachi-to-US East/West Coast shipping.","142","Hair net supplier for US food, manufacturing, and PPE distribution programs.","76","158984"
"https://www.drygelworld.com/beard-cover-supplier-saudi-arabia","200","Beard Cover Supplier Saudi Arabia","33","Beard cover supplier for Saudi food processors, manufacturers, and healthcare PPE programs. Karachi-to-Jeddah / Dammam shipping.","128","Beard cover supplier for Saudi food, manufacturing, and PPE buyers.","67","158821"
"https://www.drygelworld.com/dry-clay-exporter-europe","200","Dry Clay Desiccant Exporter Europe","34","Dry clay desiccant exporter for European importers, packaging companies, industrial buyers, and distributor networks.","117","Dry clay desiccant exporter for European industrial and packaging buyers.","73","160516"
"https://www.drygelworld.com/non-woven-beard-covers","200","Non-Woven Beard Covers | Polypropylene PPE Supplier","51","Non-woven polypropylene beard covers for food, manufacturing, healthcare, and cleanroom PPE programs.","101","Non-woven polypropylene beard covers - industry-standard PPE.","61","159036"
"https://www.drygelworld.com/desiccants-for-pharma-industry","200","Desiccants for Pharma Industry","30","Desiccants for pharmaceutical packaging - silica gel sachets for pill bottles, blister packs, diagnostic kits, healthcare cartons, and regulated pharma?","152","Desiccants for pharma industry packaging and export programs.","61","161120"
"https://www.drygelworld.com/hair-nets-for-food-industry","200","Hair Nets for Food Industry","27","Hair nets for food industry - bouffant PPE for food processing, packaging, bakery, dairy, and meat operations.","110","Hair nets for food industry processing, packaging, and export programs.","71","159726"
"https://www.drygelworld.com/moisture-absorber-for-shipping","200","Moisture Absorber for Shipping","30","Moisture absorbers designed for B2B shipping - silica gel and dry clay desiccants for cartons, containers, and pallet-level cargo protection.","141","Moisture absorbers for B2B shipping and container freight programs.","67","160517"
"https://www.drygelworld.com/silica-gel-for-leather-export","200","Silica Gel for Leather Export","29","Silica gel desiccants for leather export, footwear shipping, and leather goods packaging.","89","Silica gel for leather, footwear, and leather goods export programs.","68","160691"
"https://www.drygelworld.com/silica-gel-beads","200","Silica Gel Beads | Bulk Bead Supplier for Industrial?","53","Silica gel beads for industrial re-packers, distributors, and high-volume packaging operations.","95","Silica gel beads for industrial re-packers and bulk wholesale supply.","69","174835"
"https://www.drygelworld.com/silica-gel-packets","200","Silica Gel Packets Supplier | Bulk Desiccant Sachets","52","Factory-direct silica gel packets and desiccant sachets for electronics, pharma, leather, food packaging, export cartons, private label, SDS, and COA support.","158","Silica gel packets for export cartons, product packaging, and repeat bulk supply.","81","192774"
"https://www.drygelworld.com/bulk-silica-gel-desiccant","200","Bulk Silica Gel Desiccant Supplier","34","Bulk silica gel desiccant supply for 25kg bags, large desiccant packs, warehouse stock, distributors, exporters, SDS/COA support, and recurring procurement.","156","Bulk silica gel desiccant for warehouses, distributors, and industrial buyers.","78","197081"
"https://www.drygelworld.com/container-desiccant-strips","200","Container Desiccant Strips | Cargo Moisture Control Supplier","60","Container desiccant strips for 20ft and 40ft export shipments, cargo moisture control, container rain risk, pallet protection, SDS/COA support, and route?","154","Container desiccant strips for long-haul cargo and export moisture risk.","72","208275"
"https://www.drygelworld.com/private-label-desiccant-packets","200","Private Label Desiccant Packets | OEM Silica Gel Sachets","56","Private label desiccant packets and OEM silica gel sachets with buyer-specific text, carton labels, warning copy, SDS/COA support, and export supply.","149","Private label desiccant packets for brands, distributors, and packaging buyers.","79","161678"
"https://www.drygelworld.com/silica-gel-manufacturer-pakistan","200","Silica Gel Manufacturer in Pakistan | DryGelWorld","49","DryGelWorld supports Pakistan and export buyers with silica gel packets, bulk desiccants, container desiccants, packaging desiccants, SDS, COA, and RFQ?","152","Silica gel manufacturer in Pakistan for industrial and export buyers.","69","157693"
"https://www.drygelworld.com/silica-gel-supplier-karachi","200","Silica Gel Supplier in Karachi | DryGelWorld","44","Silica gel supplier in Karachi for packets, bulk desiccants, packaging moisture absorbers, container desiccant planning, SDS, COA, and export RFQs.","147","Silica gel supplier in Karachi for packaging, warehouse, and export buyers.","75","157549"
"https://www.drygelworld.com/food-grade-silica-gel-supplier","200","Food Grade Silica Gel Supplier | Packaging Desiccant RFQ","56","Food grade silica gel and food packaging desiccant RFQ page for moisture control in cartons, dry goods packaging, SDS, COA, labeling, and compliance review.","156","Food grade silica gel supplier path for packaging buyers who need document-backed claims.","89","177502"
"https://www.drygelworld.com/blue-silica-gel-manufacturer","200","Blue Silica Gel Manufacturer | Indicating Desiccant Supplier","60","Blue silica gel manufacturer and indicating desiccant RFQ page for humidity indication, lab storage, packaging programs, compliance review, SDS, and COA?","153","Blue silica gel manufacturer path for buyers who need moisture indication and compliance review.","96","173435"
"https://www.drygelworld.com/orange-silica-gel-supplier","200","Orange Silica Gel Supplier | Indicating Desiccant RFQ","53","Orange silica gel supplier page for indicating desiccant RFQs, humidity signal applications, packaging support, SDS, COA, compliance review, and export?","152","Orange silica gel supplier for buyers who need visible humidity indication.","75","172566"
"https://www.drygelworld.com/moisture-absorber-supplier","200","Moisture Absorber Supplier","26","Moisture absorber supplier for industrial desiccants, silica gel packets, packaging desiccants, warehouse moisture control, cargo desiccants, SDS, COA, and?","156","Moisture absorber supplier for packaging, warehouses, cartons, and export shipments.","84","157784"
"https://www.drygelworld.com/shipping-container-desiccant-supplier","200","Shipping Container Desiccant Supplier | Sea-Freight","51","Shipping container desiccant supplier for sea-freight cargo. Stop container rain on long-haul routes - strips, MOQ, ISO 9001:2015, FOB/CIF. RFQ in 24h.","151","Shipping container desiccant supplier for sea freight and container rain prevention.","84","164359"
"https://www.drygelworld.com/drygelworld","200","DryGelWorld Official Website | Silica Gel Desiccant Supplier","60","com brand page for industrial silica gel packets, bulk desiccants, cargo strips, private-label sachets, export RFQs, SDS, COA, and worldwide buyer support.","155","DryGelWorld is the official silica gel desiccant export brand for global B2B buyers.","84","159675"
"https://www.drygelworld.com/industries/electronics-packaging","200","Silica Gel Desiccant for Electronics Shipping & Packaging","57","Anti-static & standard silica gel desiccant packets for PCBs, batteries & electronics export cartons. Prevent corrosion in ocean freight. Get an RFQ.","149","Silica gel desiccant for electronics shipping and packaging - protect boards, batteries, and assemblies.","104","147848"
"https://www.drygelworld.com/industries/pharma-packaging","200","Pharma Desiccant Packets | SDS/COA-Ready Healthcare Packaging","61","Pharma-grade silica gel desiccant packets and canisters for pill bottles, blister cartons & diagnostic kits. SDS, COA, batch docs. Export RFQ in 24h.","149","Documentation-ready desiccant supply for pharma and healthcare packaging.","73","146871"
"https://www.drygelworld.com/industries/leather-footwear-export","200","Silica Gel for Leather & Footwear Export | Mold Prevention","58","Silica gel desiccant for leather goods, footwear & garment export cartons. Stop mold, mildew, odor & finish damage on humid sea routes. SDS/COA. Get an RFQ.","156","Reduce humidity risk in footwear, garments, leather goods, and export cartons.","78","150025"
"https://www.drygelworld.com/industries/food-packaging","200","Silica Gel Desiccant for Food Packaging Export","46","Industrial-grade silica gel desiccant for dry goods, snacks, spices & export cartons. Protect shelf life, prevent clumping and mold. SDS/COA support. RFQ.","154","Moisture-control support for food packaging and dry-goods exporters.","68","149951"
"https://www.drygelworld.com/industries/textile-garment-export","200","Silica Gel for Textile & Garment Export | Mildew Control","56","Silica gel desiccant for textile mills & garment exporters. Stop mildew, dye migration & musty odor in fabric rolls and export cartons on humid routes. RFQ.","156","Reduce mildew, dye-migration, and odor risk in textile and garment export cartons.","82","149904"
"https://www.drygelworld.com/industries/container-shipping","200","Container Desiccant for Ocean Freight | Stop Container Rain","59","Container desiccant strips & bulk silica gel for 20ft/40ft ocean freight. Stop container rain, condensation & mold on long-haul sea routes. SDS/COA. Get an RFQ.","160","Container desiccant supply for sealed ocean freight, transit humidity, and condensation cycling.","96","150843"
"https://www.drygelworld.com/industries/automotive-parts","200","Silica Gel for Automotive Parts Export | Rust Prevention","56","Silica gel desiccant for automotive parts exporters - protect bearings, ECUs & metal components from rust and condensation in ocean freight & storage. RFQ.","155","Moisture and corrosion protection for exported automotive parts and components.","79","149963"
"https://www.drygelworld.com/industries/defense-and-ammunition-packaging","200","Silica Gel for Defense & Ammunition Packaging | Desiccant","57","Silica gel & clay desiccant for defense and ammunition packaging - corrosion control for metal parts, primers, optics & spares in sealed transit and storage. RFQ.","162","Moisture and corrosion control for defense components, ammunition, and military spare-parts packaging.","102","149469"
"https://www.drygelworld.com/export/uae","200","UAE Silica Gel Supplier | Export Desiccant Supply","49","Factory-direct silica gel sachets, bulk beads, and container strips for UAE distributors, re-packers, warehouses, and export cargo teams.","137","Silica gel supplier for UAE importers and packaging buyers.","59","166169"
"https://www.drygelworld.com/export/saudi-arabia","200","Saudi Arabia Silica Gel Supplier | Export Desiccant Supply","58","Bulk silica gel packets and cargo moisture control formats for Saudi packaging, warehousing, distribution, industrial, and export buyers.","137","Silica gel desiccant supply for Saudi importers.","48","166971"
"https://www.drygelworld.com/export/qatar","200","Qatar Silica Gel Supplier | Export Desiccant Supply","51","Desiccant sachets, bulk packs, and shipment moisture control options for Qatar importers, distributors, storage teams, and project supply buyers.","145","Silica gel supplier for Qatar packaging and logistics buyers.","61","161699"
"https://www.drygelworld.com/export/usa","200","USA Silica Gel Supplier | Export Desiccant Supply","49","Factory-direct silica gel desiccant packets, bulk beads, and cargo strips for US distributors, packaging companies, e-commerce packers, and industrial buyers.","158","Silica gel export supply for USA bulk and private-label buyers.","63","166616"
"https://www.drygelworld.com/export/vietnam","200","Vietnam Silica Gel Supplier | Export Desiccant Supply","53","Factory-direct silica gel sachets, bulk beads, and container moisture control formats for Vietnam garment, footwear, electronics, seafood, and logistics?","153","Silica gel desiccant supply for Vietnam packaging and export buyers.","68","153699"
"https://www.drygelworld.com/export/russia","200","Russia Silica Gel Supplier | Export Desiccant Supply","52","Moisture-control supply for Russian distributors, warehouse teams, machinery packers, electronics importers, and industrial packaging buyers.","141","Silica gel export supply for Russian industrial and packaging buyers.","69","153277"
"https://www.drygelworld.com/export/bangladesh","200","Bangladesh Silica Gel Supplier | Export Desiccant Supply","56","Silica gel sachets, bulk packs, and cargo strips for Bangladesh garment factories, footwear exporters, packaging distributors, and warehouse buyers.","148","Silica gel supplier for Bangladesh garment, leather, and packaging exporters.","77","153604"
"https://www.drygelworld.com/export/indonesia","200","Indonesia Silica Gel Supplier | Export Desiccant Supply","55","Desiccant sachets, bulk silica gel, and container moisture control support for Indonesian packaging, footwear, electronics, food, and logistics buyers.","151","Silica gel desiccant supplier for Indonesia importers and exporters.","68","153687"
"https://www.drygelworld.com/export/mexico","200","Mexico Silica Gel Supplier | Export Desiccant Supply","52","Factory-direct silica gel packets, bulk beads, private-label sachets, and cargo strips for Mexican distributors, electronics packagers, warehouses, and?","152","Silica gel export supply for Mexico packaging and industrial buyers.","68","153246"
"https://www.drygelworld.com/export/turkey","200","Turkey Silica Gel Supplier | Export Desiccant Supply","52","Moisture-control supply for Turkey textile, leather, machinery, packaging, and regional distribution buyers sourcing silica gel sachets and bulk desiccants.","156","Silica gel desiccant supplier for Turkey importers and textile exporters.","73","153273"
"https://www.drygelworld.com/export/india","200","India Silica Gel Supplier | Export Desiccant Supply","51","Silica gel sachets, bulk beads, container strips, and private-label desiccant support for Indian distributors, exporters, pharma packaging, and electronics?","156","Silica gel supplier for India packaging, pharma, electronics, and export buyers.","80","156929"
"https://www.drygelworld.com/export/brazil","200","Brazil Silica Gel Supplier | Export Desiccant Supply","52","Industrial silica gel sachets, bulk desiccants, and cargo moisture control formats for Brazil distributors, packaging buyers, warehouses, and import teams.","155","Silica gel export supply for Brazil importers and industrial packaging buyers.","78","153318"
"https://www.drygelworld.com/export/malaysia","200","Malaysia Silica Gel Supplier | Export Desiccant Supply","54","Silica gel packets, bulk beads, private-label sachets, and container strips for Malaysian electronics packagers, food packaging, warehouses, and importers.","155","Silica gel desiccant supplier for Malaysia electronics, packaging, and logistics buyers.","88","153586"
"https://www.drygelworld.com/export/pakistan","200","Pakistan Silica Gel Supplier | Export Desiccant Supply","54","Karachi-origin silica gel sachets, bulk beads, cargo strips, and private-label desiccant support for Pakistan manufacturers, warehouses, exporters, and?","152","Silica gel manufacturer in Pakistan for local and export packaging buyers.","74","153712"
"https://www.drygelworld.com/export/fob-karachi","200","FOB Karachi Silica Gel Supplier | Export Desiccant Supply","57","A focused buying page for importers who already manage freight and need clear FOB Karachi pricing inputs for silica gel sachets, bulk beads, and cargo strips.","158","FOB Karachi silica gel quotes for global importers.","51","153657"
"https://www.drygelworld.com/export/uk","200","United Kingdom Silica Gel Supplier | Export Desiccant Supply","60","Factory-direct silica gel sachets, dry clay packs, bulk beads, and container strips for UK distributors, packaging companies, electronics OEMs, and footwear?","157","Silica gel desiccant supplier for UK importers and packaging buyers.","68","157774"
"https://www.drygelworld.com/export/germany","200","Germany Silica Gel Supplier | Export Desiccant Supply","53","Industrial moisture control supply for German automotive OEM packaging, electronics distribution, pharma procurement, and warehouse logistics buyers.","149","Silica gel and dry clay desiccant supply for German importers.","62","158043"
"https://www.drygelworld.com/export/canada","200","Canada Silica Gel Supplier | Export Desiccant Supply","52","Factory-direct silica gel sachets, dry clay packs, bulk beads, and container strips for Canadian distributors, packaging companies, electronics packers, and?","157","Silica gel desiccant export supply for Canadian buyers.","55","153993"
"https://www.drygelworld.com/export/australia","200","Australia Silica Gel Supplier | Export Desiccant Supply","55","Moisture control supply for Australian distributors, packaging companies, OEM packagers, and import buyers across electronics, food packaging context, and?","155","Silica gel and dry clay desiccant supplier for Australian importers.","68","154112"
"https://www.drygelworld.com/export/europe","200","Europe (EU-wide) Silica Gel Supplier | Export Desiccant Supply","62","Multi-port European supply for distributors, importers, OEM packagers, and regional networks across the EU and adjacent markets - silica gel, dry clay?","151","Silica gel and desiccant export supply for European buyers.","59","154556"
"https://www.drygelworld.com/blog/top-10-silica-gel-suppliers-world-pakistan","200","Top 10 Silica Gel Suppliers in the World & Pakistan (2026)","58","A buyer-fit ranking of the top silica gel suppliers worldwide and in Pakistan ? product range, export documents, MOQs, and which supplier fits which buyer.","155","Top 10 silica gel suppliers in the world and Pakistan: DryGelWorld recommended list","83","169041"
"https://www.drygelworld.com/blog/how-to-choose-silica-gel-packet-size","200","How to Choose Silica Gel Packet Size: A Sizing Guide","52","Match silica gel packet size to package volume, product sensitivity, and transit time. Sizing rules of thumb plus a calculation path for B2B buyers.","148","How to choose silica gel packet size: a complete sizing guide for B2B buyers","76","176412"
"https://www.drygelworld.com/blog/silica-gel-vs-clay-desiccant","200","Silica Gel vs Clay Desiccant: Capacity, Cost and Format","55","Silica gel and clay desiccant differ in chemistry, adsorption across humidity ranges, and regeneration. Which one fits your packaging, route, and budget.","153","How silica gel and clay desiccant differ: chemistry, capacity & format","70","184042"
"https://www.drygelworld.com/blog/container-rain-prevention","200","Container Rain: Why It Happens and How to Prevent It","52","Container rain is condensation from trapped humid air hitting cold steel. Sizing math by container and route, placement, and a claim-proof moisture plan.","153","Container rain prevention: a long-haul export shipping guide","60","187017"
"https://www.drygelworld.com/blog/desiccant-for-electronics-packaging","200","Desiccant for Electronics Packaging and Shipping","48","Electronics need dry packaging: which desiccant and sachet size protects PCBs, components, and devices in storage and shipping, plus spec guidance.","147","Desiccant for electronics packaging: a procurement guide","56","180660"
"https://www.drygelworld.com/blog/can-you-reuse-silica-gel","200","Can You Reuse Silica Gel? Regeneration and Reuse Limits","55","Silica gel can be regenerated by heat and reused ? but not always economically. When reuse makes sense, when fresh sachets win, and how QC decides it.","150","Can you reuse silica gel packets? A complete reuse and regeneration guide","73","174754"
"https://www.drygelworld.com/blog/what-is-silica-gel-and-how-does-it-work","200","What Is Silica Gel and How Does It Work?","40","Silica gel is porous, non-toxic silicon dioxide that adsorbs moisture into millions of internal pores. How adsorption works and why packets protect cargo.","154","What is silica gel and how does it actually work?","49","166954"
"https://www.drygelworld.com/blog/silica-gel-vs-molecular-sieve-vs-activated-alumina","200","Silica Gel vs Molecular Sieve vs Activated Alumina","50","The three main industrial desiccants compared: adsorption capacity, pore size, cost tiers, regeneration, and which fits which packaging use case.","145","Silica gel vs molecular sieve vs activated alumina: a buyer's guide","67","185292"
"https://www.drygelworld.com/blog/how-to-prevent-moisture-in-export-cartons","200","How to Prevent Moisture Damage in Export Cartons","48","Moisture ruins export cartons through condensation and humidity swings. Sachet sizing, placement, and carton materials that keep contents dry.","142","How to prevent moisture damage in export cartons: a logistics-grade buyer guide","79","189237"
"https://www.drygelworld.com/blog/silica-gel-sds-coa-requirements-for-buyers","200","Silica Gel SDS and COA: What Buyers Should Request","50","SDS and COA are the two documents every silica gel buyer should request first. What each covers, how to read them, and when extra docs matter.","142","Silica gel SDS and COA requirements: a procurement document guide","65","175088"
"https://www.drygelworld.com/blog/private-label-silica-gel-packets-guide","200","Private Label Silica Gel Packets: OEM Buyer Guide","49","How private-label silica gel programs work: sachet printing, MOQs, artwork approval, compliance text, and the OEM supply terms to agree up front.","145","Private label silica gel packets: a complete OEM buyer guide","60","176004"
"https://www.drygelworld.com/blog/bulk-silica-gel-supplier-checklist","200","Bulk Silica Gel Supplier Checklist for Wholesale Buyers","55","How to vet a bulk silica gel supplier: adsorption specs, SDS and COA workflow, 25kg vs finished packs, MOQ economics, Incoterms, and repeat-supply terms.","153","Bulk silica gel supplier checklist: a complete wholesale procurement guide","74","171586"
"https://www.drygelworld.com/blog/why-hair-nets-matter-in-food-export","200","Why hair nets and beard covers matter in food and?","50","A buyer guide to bouffant hair nets and beard covers for food processing, manufacturing, and healthcare PPE programs - sizing, color zoning, document?","150","Why hair nets and beard covers matter in food and manufacturing exports","71","179190"
"https://www.drygelworld.com/blog/best-desiccant-for-shipping-containers","200","Best Desiccant for Shipping Containers: How to Choose","53","Which desiccant protects a shipping container best ? silica gel, clay, or calcium chloride? Selection criteria by route, cargo, and transit time.","145","Best desiccant for shipping containers: a buyer's selection guide","65","177597"
"https://www.drygelworld.com/blog/ppe-products-for-factories","200","PPE products for factories","26","A working guide to industrial PPE procurement - hair nets, beard covers, and the broader PPE program design for food processing, manufacturing, healthcare?","155","PPE products for factories: a procurement guide for B2B buyers","62","179884"
"https://www.drygelworld.com/blog/importance-of-beard-covers-in-manufacturing","200","The importance of beard covers in manufacturing and food?","57","Why facial-hair containment matters in B2B manufacturing, food handling, healthcare, and cleanroom operations - the contamination control logic, audit?","151","The importance of beard covers in manufacturing and food production","67","179642"
"https://www.drygelworld.com/blog/moisture-protection-for-international-shipping","200","Moisture Protection for International Shipping: A Guide","55","How exporters protect cargo from humidity across shipping lanes ? route risk, layered carton, pallet, and container desiccants, and per-shipment cost.","150","Moisture protection for international shipping: a complete export buyer guide","77","179830"
"https://www.drygelworld.com/blog/industrial-packaging-protection-solutions","200","Industrial packaging protection solutions","41","How B2B industrial exporters design complete packaging protection programs - desiccant tiers, VCI corrosion control, dunnage and bracing, PPE and?","146","Industrial packaging protection solutions: a B2B export buyer guide","67","179565"
"https://www.drygelworld.com/blog/container-desiccant-vs-silica-gel","200","Container Desiccant vs Silica Gel: What's the Difference","56","Container desiccants protect the container; silica gel packets protect the product inside. How the layers differ and when an export load needs both.","148","Container desiccant vs silica gel: what's the actual difference?","64","165979"
"https://www.drygelworld.com/blog/reusable-vs-disposable-desiccants","200","Reusable vs Disposable Desiccants: The Economics","48","When regenerating desiccant pays off and when disposable sachets win: labor, QC risk, and per-cycle capacity loss in the real cost equation.","140","Reusable vs disposable desiccants: when each makes economic sense","65","165487"
"https://www.drygelworld.com/blog/how-long-does-silica-gel-last","200","How Long Does Silica Gel Last? Lifespan and Replacement","55","Silica gel's lifespan depends on the scenario: unopened storage, in-package working life, and regeneration cycles. Practical numbers for each case.","147","How long does silica gel last? Shelf life, working capacity, and replacement timing","83","166335"
"https://www.drygelworld.com/blog/how-exporters-protect-cargo-from-humidity","200","How Exporters Protect Cargo From Humidity: A Playbook","53","The operational playbook exporters use against humidity: route risk checks, layered desiccants, pre-load inspection, and claim-ready documentation.","147","How exporters protect cargo from humidity: an operational playbook","66","171467"
"https://www.drygelworld.com/blog/silica-gel-for-pharma-packaging-buyer-guide","200","Silica Gel for Pharma Packaging: Compliance Buyer Guide","55","Pharma desiccants are a regulated buy: sachet compliance, contamination control, DMF and pharmacopoeia expectations, and how to qualify a supplier.","147","Silica gel for pharma packaging: an industrial buyer's compliance guide","71","177906"
"https://www.drygelworld.com/blog/indicating-silica-gel-orange-blue-color-change-guide","200","Indicating Silica Gel: How the Color Change Works","49","Indicating silica gel changes color as it saturates, giving visual QC on stock and packaging. Orange vs blue, regulations, and reading the change right.","152","Indicating silica gel: orange, blue, and how the color change actually works","76","174915"
"https://www.drygelworld.com/blog/oxygen-absorber-vs-silica-gel-when-to-use-each","200","Oxygen Absorber vs Silica Gel: When to Use Each","47","Oxygen absorbers stop oxidation; silica gel stops humidity. Which cargo needs which, when you need both, and the substitution mistake buyers make.","146","Oxygen absorber vs silica gel: when to use which (and when to use both)","71","173522"
"https://www.drygelworld.com/blog/food-grade-silica-gel-procurement-guide","200","Food-Grade Silica Gel: What It Means and How to Buy It","54","What food-grade actually means for silica gel in each market, when it's mandatory, and the certifications to demand before a food-contact order.","144","Food-grade silica gel procurement guide for industrial buyers","61","178376"
"https://www.drygelworld.com/blog/silica-gel-bulk-pricing-factors-for-exporters","200","Silica Gel Bulk Pricing: What Drives the Export Price","53","Bulk silica gel pricing moves with format, gram size, packaging, order volume, and Incoterms. What actually drives quotes and how buyers compare them.","150","What actually drives silica gel bulk pricing for export buyers","62","174098"
"https://www.drygelworld.com/blog/silica-gel-for-leather-and-footwear-export","200","Silica Gel for Leather and Footwear Export: Stop Mold","53","Mold claims ruin leather and footwear shipments. The sizing math per shoebox and carton, placement discipline, and specs leather exporters rely on.","147","Silica gel for leather and footwear export: a moisture protection guide","71","175335"
"https://www.drygelworld.com/blog/is-silica-gel-toxic-safety-guide","200","Is Silica Gel Toxic? What DO NOT EAT Actually Means","51","Plain silica gel is non-toxic amorphous silica ? the real concerns are choking, cobalt-blue dye, and dust. Safety facts for buyers and packing teams.","149","Is silica gel toxic? A safety guide for buyers, workers, and packers","68","175518"
"https://www.drygelworld.com/blog/silica-gel-colors-white-blue-orange-explained","200","Silica Gel Colors Explained: White vs Blue vs Orange","52","White silica gel is non-indicating; blue and orange change color as they saturate. What each color means and why blue cobalt gel is being replaced.","147","Silica gel colours explained: white vs blue vs orange","53","174169"
"https://www.drygelworld.com/blog/silica-gel-shelf-life-and-storage-guide","200","Does Silica Gel Expire? Shelf Life and Storage of Stock","55","Unused silica gel doesn't expire like food - sealed stock holds capacity for years. Sealed vs opened life, warehouse storage, rotation, reactivation.","149","Silica gel shelf life: how long unused stock lasts and how to store it","70","172500"
"https://www.drygelworld.com/blog/silica-gel-for-rice-grain-spice-export","200","Silica Gel for Rice, Grain, and Spice Export","44","Moisture and mould control for rice, grain, and spice shipments: food-safe desiccant options, dosage by bag and container, and export packing rules.","148","Silica gel for rice, grain, and spice export: moisture and mould control","72","175984"
"https://www.drygelworld.com/blog/silica-gel-import-customs-hs-code-guide","200","Silica Gel HS Code 2811.22: Import and Customs Guide","52","Silica gel is classified under HS 2811.22 (silicon dioxide). Country variants, the documents customs expect, and how to avoid clearance delays.","143","Silica gel HS code and import customs guide for buyers and exporters","68","177459"
"https://www.drygelworld.com/blog/how-silica-gel-is-made-manufacturing-process","200","How Silica Gel Is Made: Manufacturing Process Explained","55","Silica gel is made from sodium silicate and acid, then washed, graded, and activated into porous beads. The full process and the QC questions to ask.","149","How silica gel is made: the manufacturing process explained","59","174050"
"https://www.drygelworld.com/blog/relative-humidity-and-adsorption-isotherms-explained","200","Relative Humidity and Adsorption Isotherms, Explained","53","Why silica gel adsorbs more at higher humidity: relative humidity, adsorption isotherms, and what the curves mean when sizing desiccant for packaging.","150","Relative humidity and adsorption isotherms explained for desiccant buyers","73","170492"
"https://www.drygelworld.com/blog/desiccant-units-explained-din-55473-and-unit-sizing","200","Desiccant Units Explained: DIN 55473 Unit Sizing","48","A desiccant unit is a standard adsorption measure under DIN 55473. How units are defined, how many you need, and how unit counts convert to grams.","146","Desiccant units explained: DIN 55473 and how unit sizing works","62","171031"
"https://www.drygelworld.com/blog/how-many-desiccant-packets-per-box-calculation-guide","200","How Many Desiccant Packets per Box? Calculation Guide","53","A practical calculation for desiccant packets per box: package volume, product type, and climate ? with worked examples packers can copy.","137","How many desiccant packets per box? A calculation guide for packers","67","168550"
"https://www.drygelworld.com/blog/desiccant-placement-best-practices-in-packaging","200","Desiccant Placement: Best Practices in Packaging","48","Where you place desiccant changes how well it works. Placement rules for boxes, cartons, pallets, and containers ? and the mistakes that waste packets.","151","Desiccant placement best practices in packaging and containers","62","170981"
"https://www.drygelworld.com/blog/how-to-regenerate-silica-gel-oven-temperature-guide","200","How to Regenerate Silica Gel: Oven Temperature and Time","55","The oven temperatures and times that safely reactivate silica gel beads and packets, the mistakes that ruin them, and when regeneration pays off.","145","How to regenerate silica gel: oven temperature and time guide","61","169677"
"https://www.drygelworld.com/blog/cobalt-free-orange-vs-blue-indicating-silica-gel-safety","200","Is Blue Silica Gel Banned? Cobalt-Free Orange vs Blue","53","Blue indicating silica gel relies on cobalt chloride, restricted under EU REACH. Why buyers now specify cobalt-free orange, and how to choose by market.","152","Cobalt-free orange vs blue indicating silica gel: the safety and REACH question","79","174904"
"https://www.drygelworld.com/blog/paper-vs-tyvek-vs-film-desiccant-sachet-materials","200","Paper vs Tyvek vs Film Desiccant Sachets: Which to Buy","54","Desiccant sachet materials compared: paper for cost, Tyvek for strength and cleanliness, film for special cases. Which fits your packaging line.","144","Paper vs Tyvek vs film desiccant sachet materials: a buyer's guide","66","170434"
"https://www.drygelworld.com/blog/silica-gel-export-documentation-coo-coa-packing-list","200","Silica Gel Export Documents: COO, COA, Packing List, SDS","56","The four documents that move silica gel shipments through customs: COO, COA, packing list, and SDS ? what each proves and who asks for it.","138","Silica gel export documentation: COO, COA, packing list, and SDS explained","74","172246"
"https://www.drygelworld.com/compare/silica-gel-vs-clay-desiccant","200","Silica Gel vs Dry Clay Desiccant | Buyer Comparison","51","Side-by-side comparison of silica gel and dry clay desiccant for industrial buyers - adsorption capacity, cost per kg, regulatory profile, regenerability?","154","Silica gel vs dry clay desiccant: buyer comparison for industrial moisture control","82","163800"
"https://www.drygelworld.com/compare/silica-gel-vs-molecular-sieve","200","Silica Gel vs Molecular Sieve | Buyer Comparison","48","Buyer comparison of silica gel and molecular sieve desiccants - water capacity, selective adsorption capability, working temperature, cost, and the decision?","157","Silica gel vs molecular sieve: buyer comparison for moisture and selective adsorption","85","161687"
"https://www.drygelworld.com/compare/silica-gel-vs-oxygen-absorber","200","Silica Gel vs Oxygen Absorber | Buyer Comparison","48","Comparison of silica gel and oxygen absorbers - what each one protects against, when to use which, and the cases where buyers need both products in parallel?","157","Silica gel vs oxygen absorber: buyer comparison for moisture vs oxidation protection","84","161630"
"https://www.drygelworld.com/compare/white-silica-gel-vs-orange-silica-gel","200","White Silica Gel vs Orange Silica Gel | Buyer Comparison","56","Commercial comparison of white non-indicating silica gel and orange indicating silica gel for packaging, storage, bulk supply, documents, regeneration, and?","156","White silica gel vs orange silica gel: which desiccant should buyers choose?","76","160896"
"https://www.drygelworld.com/compare/indicating-vs-non-indicating-silica-gel","200","Indicating Silica Gel vs Non-Indicating Silica Gel","50","Buyer comparison of indicating silica gel and non-indicating silica gel for humidity signal needs, packaging fit, documents, bulk supply, and international?","156","Indicating vs non-indicating silica gel: buyer decision guide","61","159817"
"https://www.drygelworld.com/compare/container-desiccant-vs-silica-gel-packets","200","Container Desiccant vs Silica Gel Packets | Buyer Comparison","60","Comparison of container desiccant strips and silica gel packets for sea freight, cartons, product packaging, container rain risk, strip count, packet?","150","Container desiccant vs silica gel packets: export moisture protection comparison","80","159715"
"https://www.drygelworld.com/compare/bulk-silica-gel-vs-packets","200","Bulk Silica Gel vs Silica Gel Packets | Buyer Comparison","56","Buyer comparison of bulk silica gel and silica gel packets for repacking, warehouse use, product packaging, private label, MOQ, documents, and export supply.","157","Bulk silica gel vs packets: which format should industrial buyers order?","72","158716"
"https://www.drygelworld.com/compare/silica-gel-vs-calcium-chloride-container-desiccant","200","Silica Gel / Clay Container Desiccant vs Calcium Chloride?","58","Side-by-side comparison of adsorbing desiccants (silica gel and clay) versus deliquescent calcium chloride container desiccants for sea-freight 'container?","155","Silica gel vs calcium chloride container desiccant: the ocean-freight buyer decision","84","168276"
"https://www.drygelworld.com/compare/desiccant-vs-vci-corrosion-protection","200","Silica Gel Desiccant vs VCI (Vapor Corrosion Inhibitor)","55","Buyer comparison of silica gel desiccant and VCI (vapor corrosion inhibitor) for protecting metal parts, automotive components, and machinery during export?","156","Desiccant vs VCI for corrosion protection: which protects metal parts in export packaging?","90","164985"
"https://www.drygelworld.com/compare/silica-gel-vs-activated-carbon","200","Silica Gel vs Activated Carbon | Buyer Comparison","49","Comparison of silica gel and activated carbon - silica gel removes water vapor (humidity), activated carbon removes odors and volatile organic compounds.","153","Silica gel vs activated carbon: moisture control vs odor and gas adsorption","75","162577"
"https://www.drygelworld.com/authors/dry-gel-world-export-desk","200","DryGelWorld Export Desk | Author Profile","40","DryGelWorld's export procurement team handles RFQ qualification, format/MOQ sizing, and documentation for industrial silica gel buyers across 190+ markets.","155","DryGelWorld Export Desk","23","139979"
"https://www.drygelworld.com/case-studies/uae-container-rain-electronics","200","UAE Container Export Case Study | Dry Gel World","47","Anonymous UAE container export case study: sizing cargo desiccant strips for electronics moving Karachi to Jebel Ali, with route humidity, MOQ, Incoterms, SDS, and COA planning.","177","Sizing container desiccant for a Karachi-Jebel Ali electronics shipment.","72","148752"
"https://www.drygelworld.com/case-studies/saudi-bulk-silica-gel-supply","200","Saudi Bulk Supply Case Study | Dry Gel World","44","Anonymous Saudi Arabia bulk silica gel case study: building a recurring distributor supply program with MOQ, lead time, Jeddah/Dammam routing, Incoterms, SDS, and COA.","167","Structuring a recurring bulk silica gel program for a Saudi distributor.","72","146986"
"https://www.drygelworld.com/case-studies/pharmaceutical-packaging-desiccants","200","Pharmaceutical Packaging Case Study | Dry Gel World","51","Anonymous pharma packaging desiccant case study covering silica gel sachets, SDS, COA, document review, packet sizing, and export quote planning.","145","Document-first silica gel planning for healthcare cartons.","58","145919"
"https://www.drygelworld.com/case-studies/container-export-moisture-protection","200","Container Export Case Study | Dry Gel World","43","Anonymous container export moisture protection case study covering container desiccant strips, route humidity, container rain risk, SDS, COA, and RFQ planning.","159","Planning container desiccant strips before freight pricing.","59","146144"
"https://www.drygelworld.com/case-studies/leather-footwear-export-moisture-control","200","Leather / Footwear Export Case Study | Dry Gel World","52","Anonymous leather and footwear export case study covering silica gel sachets, container desiccants, route humidity, SDS, COA, and carton moisture planning.","155","Reducing mold-risk uncertainty before dispatch.","47","146276"
"https://www.drygelworld.com/case-studies/electronics-storage-desiccants","200","Electronics Storage Case Study | Dry Gel World","46","Anonymous electronics storage desiccant case study covering silica gel packets, non-indicating gel, carton sizing, SDS, COA, and export packaging.","146","Moving from guessing to documented pack selection.","50","146126"
"https://www.drygelworld.com/case-studies/food-packaging-desiccants","200","Food Packaging Case Study | Dry Gel World","41","Anonymous food packaging desiccant case study covering white silica gel, food-grade claim review, SDS, COA, warning text, and export RFQs.","138","Keeping food-packaging claims tied to documents.","48","145944"
"https://www.drygelworld.com/case-studies/container-desiccant-success-story","200","Container Desiccant Program Case Study | Dry Gel World","54","Anonymous container desiccant success story covering recurring cargo strip RFQs, 20ft/40ft planning, route humidity, documentation, and export supply.","150","Building a repeatable cargo-strip RFQ for recurring shipments.","62","146449"
